{
  "claim_id": "XR-C003",
  "combined_avg_ms": 0.06682157055555556,
  "combined_p95_ms": 0.081667,
  "combined_p99_ms": 0.08916700000000001,
  "decode_avg_ms": 0.009236197777777778,
  "encode_avg_ms": 0.05758537277777778,
  "num_frames": 1800,
  "pass": true,
  "pass_threshold_ms": 1.0
}
